lm_0,lm_1,lm_2,lm_3,lm_4,lm_5,lm_6,lm_7,lm_8,lm_9,lm_10,lm_11,lm_12,lm_13,lm_14,lm_15,lm_16,lm_17,lm_18,lm_19,lm_20,lm_21,lm_22,lm_23,lm_24,lm_25,lm_26,lm_27,lm_28,lm_29,lm_30,lm_31,lm_32,lm_33,lm_34,lm_35,lm_36,lm_37,lm_38,lm_39,lm_40,lm_41,gesture
291,362,300,322,328,304,353,311,363,330,344,289,389,285,419,283,442,280,358,312,376,328,364,335,352,335,364,341,370,352,359,356,347,355,367,367,366,377,354,380,344,378,swipe_left
290,361,303,319,332,301,359,309,372,325,349,286,398,280,428,278,450,276,362,310,389,327,376,335,363,334,368,340,379,350,367,354,356,352,370,367,373,372,360,375,351,373,swipe_left
287,362,302,321,333,301,358,305,373,320,352,283,401,280,430,280,451,278,364,306,393,326,378,334,362,332,370,335,382,348,367,354,355,352,373,362,376,370,362,374,352,373,swipe_left
291,358,308,318,343,299,370,306,387,323,361,281,410,279,438,278,459,276,373,303,399,330,383,339,369,334,378,332,388,352,372,357,359,352,379,358,382,372,366,377,353,373,swipe_left
291,356,312,315,348,299,375,308,392,326,365,280,416,280,443,280,464,279,376,302,402,328,386,336,372,332,381,331,391,350,375,353,362,348,381,358,382,369,366,372,355,369,swipe_left
293,357,315,316,350,300,376,309,390,327,372,283,422,285,451,287,473,287,382,306,405,334,387,340,371,334,385,336,394,356,377,360,364,354,383,364,386,377,370,381,358,378,swipe_left
289,357,312,318,349,302,377,309,396,325,372,282,423,285,452,288,475,288,382,303,408,334,390,341,374,334,385,331,397,354,379,358,366,350,383,358,385,373,368,376,355,370,swipe_left
289,359,313,319,350,302,376,309,392,324,373,283,424,284,453,287,476,289,383,305,409,336,391,342,376,336,384,335,395,356,378,360,366,354,380,363,382,376,366,379,354,375,swipe_left
291,349,314,304,352,287,378,294,394,312,375,272,427,276,456,277,478,277,386,298,412,321,395,326,379,322,388,330,404,341,388,344,373,340,384,358,392,363,378,365,365,362,swipe_left
300,336,325,295,362,280,393,287,412,303,382,264,435,268,465,271,487,270,394,288,423,304,410,312,395,311,400,315,421,325,407,330,393,329,402,340,417,343,403,348,389,349,swipe_left
304,333,329,291,369,277,402,284,422,298,390,261,441,267,471,269,492,269,401,288,427,302,415,308,401,308,406,317,425,324,411,328,396,327,406,342,419,344,405,347,391,348,swipe_left
310,330,337,288,378,274,408,282,425,299,399,260,449,266,479,270,501,270,410,289,432,306,418,312,402,309,415,320,427,329,413,333,398,330,414,347,421,351,406,353,392,351,swipe_left
319,327,344,285,383,272,409,281,423,299,407,259,457,265,487,269,509,271,419,288,433,307,417,310,402,306,422,320,427,329,413,331,399,328,421,347,421,351,407,352,395,350,swipe_left
336,322,359,280,397,269,420,278,431,296,429,257,476,262,505,265,527,266,439,286,442,304,427,305,414,300,437,318,432,327,418,328,407,323,431,344,422,350,409,349,399,344,swipe_left
342,322,364,280,403,268,426,276,439,292,436,256,482,262,511,264,532,265,447,285,448,301,432,301,421,296,445,316,437,321,423,321,412,317,438,341,427,343,414,342,404,337,swipe_left
347,326,371,282,411,270,434,281,446,298,439,257,485,263,513,265,535,265,450,284,457,300,442,301,429,297,450,313,449,320,434,320,423,316,445,337,440,339,427,339,415,336,swipe_left
351,328,372,284,413,273,436,280,450,296,444,259,490,265,517,267,539,267,456,285,462,298,447,300,436,297,457,314,453,318,438,319,427,317,452,338,444,338,431,339,420,338,swipe_left
355,329,377,286,416,274,440,281,454,297,449,262,495,267,522,269,543,270,461,287,466,301,452,303,440,300,461,316,455,321,441,323,429,320,455,341,448,343,434,343,422,342,swipe_left
357,332,380,291,419,280,442,289,454,305,455,269,498,273,524,274,545,274,466,294,465,310,449,313,437,308,464,323,455,330,439,331,428,327,456,346,446,350,432,351,421,348,swipe_left
356,336,376,294,416,283,439,293,450,308,453,273,497,276,524,277,545,278,464,299,462,315,446,316,434,310,461,327,452,334,436,334,425,330,454,350,444,353,429,353,417,349,swipe_left
356,333,377,292,417,283,440,292,453,306,455,273,499,277,526,279,546,279,466,298,466,313,450,315,438,310,465,326,456,333,440,333,428,329,458,348,446,352,431,351,419,347,swipe_left
357,333,378,293,417,283,441,291,453,306,456,274,499,277,526,279,547,279,466,299,466,313,450,313,439,309,464,326,456,332,441,332,429,328,457,348,447,351,433,350,421,346,swipe_left
358,332,380,291,420,282,444,292,457,306,457,273,501,278,528,279,549,278,467,298,468,313,451,314,439,309,465,326,457,333,440,333,429,328,458,349,448,353,432,351,420,347,swipe_left
356,333,379,291,419,281,442,292,453,308,456,274,499,278,526,280,546,280,466,300,465,312,450,313,438,310,463,327,456,331,441,331,429,328,456,350,447,350,433,349,422,346,swipe_left
350,333,373,292,411,281,436,289,449,305,444,270,489,274,516,275,538,275,455,295,454,310,439,312,428,309,454,323,445,330,430,331,419,328,448,347,439,348,425,348,414,345,swipe_left
346,334,367,291,405,281,428,290,439,307,440,272,485,274,513,275,534,275,451,298,449,313,433,315,421,311,449,327,439,333,424,334,413,330,440,351,428,353,415,352,403,348,swipe_left
342,332,364,292,401,282,424,291,436,308,436,272,481,274,509,276,530,276,446,297,444,316,428,318,416,314,443,327,433,337,419,337,407,333,434,352,422,358,409,357,398,352,swipe_left
319,336,342,298,382,286,409,294,421,312,412,272,461,275,491,277,515,278,422,299,433,323,416,327,401,322,421,331,427,345,412,348,398,343,416,358,419,369,405,371,393,367,swipe_left
316,332,345,294,385,283,408,294,420,312,414,270,460,275,489,276,510,275,424,298,427,323,410,325,396,318,422,330,420,346,404,348,390,341,416,357,413,370,397,370,383,364,swipe_left
311,332,338,293,379,282,407,291,423,306,403,268,453,271,484,273,506,272,413,295,430,313,415,319,402,315,414,324,424,335,409,339,394,335,412,350,415,357,400,359,386,355,swipe_left
306,331,334,292,376,280,405,288,423,304,398,266,448,268,478,270,501,269,408,293,426,314,409,318,393,313,410,324,420,335,403,338,387,334,408,349,412,356,395,357,381,354,swipe_left
305,330,333,291,375,280,403,288,419,305,398,264,447,267,477,269,501,269,407,291,427,313,410,318,395,313,409,322,421,335,405,338,390,334,407,348,412,356,396,357,383,353,swipe_left
312,327,336,288,376,277,401,286,415,303,403,263,452,267,484,270,508,271,414,291,426,314,408,318,392,311,415,322,419,337,403,339,389,334,412,349,412,359,396,360,383,356,swipe_left
334,327,355,286,394,276,418,288,429,306,428,266,477,273,507,277,530,280,437,294,438,313,424,313,413,307,433,325,428,333,414,334,404,330,424,352,416,355,404,354,395,351,swipe_left
327,330,348,287,389,278,414,287,426,303,425,268,473,276,503,281,527,283,435,298,431,315,415,314,403,308,430,330,420,338,405,337,393,331,420,356,409,361,396,358,385,353,swipe_left
328,330,351,289,390,279,415,287,428,302,425,269,473,277,503,282,527,285,434,296,433,316,417,317,404,311,430,327,423,337,407,337,395,332,422,353,414,359,401,357,390,352,swipe_left
320,332,345,291,387,281,413,290,427,306,417,270,466,277,497,282,520,284,425,298,429,319,413,320,400,314,422,330,421,340,406,340,394,335,415,356,413,361,400,360,388,355,swipe_left
295,335,324,294,366,280,396,290,412,309,386,271,435,275,463,278,483,279,395,299,418,314,404,319,390,318,398,328,414,335,401,337,387,335,398,352,409,355,397,356,385,355,swipe_left
296,332,322,293,366,281,399,289,420,306,385,265,434,272,464,276,486,279,394,288,416,313,401,323,386,322,398,316,413,335,396,341,381,339,398,341,407,355,391,359,376,357,swipe_left
312,332,336,294,376,285,401,295,415,313,404,269,453,274,484,279,507,281,415,294,426,319,410,324,396,319,418,324,421,342,405,345,392,340,416,352,416,367,401,370,388,367,swipe_left
323,332,348,292,389,282,413,292,426,310,418,273,466,279,497,283,520,286,428,301,430,323,414,324,401,317,425,332,421,344,406,344,394,337,419,357,412,364,398,363,387,357,swipe_left
334,336,358,294,399,285,422,296,433,313,431,274,480,282,510,288,533,291,439,301,441,321,423,322,412,315,435,331,431,341,415,339,404,333,428,355,419,359,405,356,395,351,swipe_left
344,336,365,295,405,286,430,298,443,315,442,279,489,287,518,293,541,298,452,305,450,324,433,324,422,318,449,335,440,343,425,342,414,336,441,358,431,362,418,360,408,356,swipe_left
356,350,379,309,418,301,444,310,456,327,452,292,497,299,525,304,547,307,462,318,455,335,440,336,430,332,458,347,446,355,431,354,421,348,449,371,435,375,422,373,414,368,swipe_left
355,357,375,315,413,304,437,311,450,326,447,293,492,299,520,304,541,306,458,317,457,335,443,338,432,335,456,346,448,354,434,356,423,353,450,370,439,375,426,375,416,371,swipe_left
351,359,371,318,408,307,430,315,440,331,442,297,488,300,516,303,537,305,454,321,450,339,434,341,423,337,452,351,440,359,426,361,415,357,444,375,430,381,417,381,407,378,swipe_left
346,360,362,320,399,308,423,313,435,327,437,297,482,301,510,304,532,307,449,321,444,338,428,340,416,337,447,350,434,358,419,359,408,356,439,375,424,379,410,378,399,375,swipe_left
340,359,359,320,395,309,419,314,431,328,430,296,476,300,505,304,527,306,442,319,441,339,425,342,413,338,441,348,431,359,417,361,406,358,434,373,422,381,409,381,398,378,swipe_left
315,358,335,317,374,304,403,312,418,327,407,287,456,291,486,294,508,295,419,313,428,339,410,344,397,339,420,345,422,360,406,365,394,361,415,374,413,383,399,386,388,384,swipe_left
311,353,336,311,375,299,401,309,415,327,409,286,458,291,487,295,509,296,420,314,429,341,411,346,397,340,419,346,420,363,403,366,390,360,413,374,412,385,396,387,383,382,swipe_left
309,351,336,310,377,298,403,308,416,327,409,284,457,289,486,291,508,293,420,313,427,339,408,343,393,338,419,346,421,362,403,364,390,359,412,374,413,384,397,386,384,382,swipe_left
309,350,335,307,376,296,402,306,415,325,408,283,458,288,487,290,508,291,420,311,428,340,411,344,397,339,419,345,421,364,404,366,391,361,412,374,412,388,396,389,384,384,swipe_left
308,348,336,307,377,294,403,305,417,324,407,280,456,285,486,288,508,290,417,307,427,335,410,341,394,335,416,340,422,358,406,362,392,357,411,368,415,381,400,384,385,381,swipe_left
311,347,336,306,377,295,402,306,415,325,409,281,458,285,489,288,513,288,420,310,429,339,411,344,397,338,419,343,422,362,405,364,392,358,413,371,414,385,398,386,385,381,swipe_left
316,346,342,304,382,292,408,304,420,324,413,280,462,284,492,286,515,288,423,310,429,335,412,337,399,332,421,344,423,359,407,360,394,356,415,373,414,384,400,385,387,381,swipe_left
340,344,361,301,399,291,424,300,436,319,433,280,480,286,511,289,534,291,441,307,445,324,430,326,418,323,438,337,435,343,421,343,410,340,431,362,424,365,412,365,401,362,swipe_left
348,346,368,305,406,295,431,303,442,320,439,284,486,289,515,295,538,298,449,309,452,329,437,331,425,326,447,338,443,348,429,348,418,344,441,362,435,368,421,367,410,364,swipe_left
347,347,369,306,407,296,430,306,440,323,439,285,485,290,514,295,537,298,450,309,452,330,437,332,424,327,448,339,442,349,427,350,416,346,441,364,433,370,419,369,407,366,swipe_left
356,353,382,315,421,308,447,319,458,336,449,296,495,305,525,313,548,319,458,319,464,342,449,345,439,340,457,347,456,362,440,363,430,356,452,372,445,383,431,383,421,378,swipe_left
361,360,395,328,438,324,464,342,474,362,464,317,512,334,538,349,555,361,470,340,481,369,465,372,453,364,466,367,467,390,451,390,440,381,457,393,453,411,437,409,428,400,swipe_left
283,410,251,379,241,341,241,316,240,297,299,317,316,291,328,272,340,255,311,331,277,302,250,305,237,312,309,352,260,336,251,352,259,362,299,374,257,360,252,370,263,378,swipe_left
264,392,236,359,226,331,219,311,212,302,294,298,312,273,329,253,347,239,303,314,260,288,244,306,251,319,299,333,253,311,244,327,254,338,288,352,250,334,244,346,253,356,swipe_left
250,358,240,307,241,273,242,247,242,242,310,261,334,245,354,227,371,214,317,277,299,238,271,238,256,248,310,294,276,261,249,267,239,280,295,310,268,281,246,285,237,297,swipe_left
253,341,240,299,243,266,247,245,255,239,320,250,354,233,379,221,403,215,329,271,311,235,276,236,262,245,324,291,288,258,260,264,250,276,309,309,278,280,256,282,250,291,swipe_left
257,341,245,298,249,265,255,243,262,240,325,250,361,232,386,222,410,217,334,273,319,236,283,236,267,246,328,295,296,261,266,265,256,275,314,314,287,285,266,285,259,291,swipe_left
260,344,252,302,259,270,266,247,272,243,332,253,370,236,397,228,420,224,342,276,329,242,294,238,275,246,337,299,306,267,278,271,268,283,324,319,297,291,276,292,271,299,swipe_left
273,348,268,309,275,275,285,250,305,252,361,269,401,252,429,245,453,245,369,293,366,257,329,252,308,259,365,316,344,280,309,283,293,294,352,337,336,304,311,303,298,310,swipe_left
298,354,299,317,315,284,332,263,357,264,390,281,441,270,473,266,501,268,395,304,413,274,375,266,349,271,392,327,391,296,353,294,332,302,383,348,380,320,352,314,334,318,swipe_left
304,357,305,320,328,284,351,263,376,266,404,285,456,275,488,271,517,272,408,309,428,278,390,270,364,274,404,331,407,299,367,297,344,305,394,352,397,321,367,314,347,318,swipe_left
312,357,315,319,337,284,357,264,381,262,415,288,468,278,500,274,528,276,418,311,438,281,401,269,374,270,414,333,418,301,378,296,353,301,405,354,406,322,378,314,358,317,swipe_left
318,359,323,321,347,286,370,265,395,265,424,292,478,283,510,280,538,283,426,315,453,284,414,271,386,273,422,336,429,303,387,298,362,304,411,357,416,325,388,314,368,316,swipe_left
324,363,328,325,354,290,380,271,407,270,428,295,484,287,517,285,545,289,430,317,461,289,425,276,397,277,427,339,439,308,397,303,371,311,417,360,428,331,400,319,380,320,swipe_left
332,369,339,331,366,297,391,277,416,277,437,302,493,293,526,292,554,297,439,324,471,295,435,284,407,286,435,346,447,315,405,311,379,319,425,368,436,339,409,327,390,326,swipe_left
338,376,345,338,371,302,397,282,424,282,443,308,501,299,533,298,561,303,444,329,479,301,442,289,414,291,440,350,455,321,413,316,387,324,430,372,444,344,418,331,397,331,swipe_left
356,385,365,344,392,309,418,288,449,292,464,315,522,311,555,311,584,316,465,337,501,311,463,305,433,311,461,359,479,330,436,328,409,337,452,382,468,354,440,343,417,342,swipe_left
358,386,364,348,392,310,421,287,453,293,465,317,524,310,555,310,583,314,466,337,506,311,470,302,441,305,462,358,481,330,437,326,410,335,454,380,471,351,443,341,420,342,swipe_left
367,379,369,339,392,307,420,292,453,293,437,317,456,302,436,299,416,305,448,334,474,314,444,310,420,317,453,354,478,333,442,323,414,327,455,378,476,353,454,340,433,339,swipe_left
370,374,370,347,398,310,427,291,455,296,460,322,505,315,533,306,557,302,464,342,498,312,458,306,428,317,462,362,480,329,437,325,410,337,456,384,474,352,445,342,422,346,swipe_left
356,394,361,353,390,315,417,295,446,297,461,321,516,314,546,311,574,314,464,339,500,312,461,305,432,312,461,358,482,328,438,325,411,335,451,379,469,348,440,339,418,343,swipe_left
360,376,366,338,390,308,414,291,439,296,442,317,468,303,441,298,414,304,448,333,479,312,446,304,421,310,449,352,468,329,430,320,403,326,447,374,463,347,437,335,415,337,swipe_left
348,393,355,349,381,312,406,292,429,291,449,315,502,307,532,303,560,306,451,333,483,305,445,293,417,298,447,351,467,322,428,316,402,324,437,370,453,342,428,331,406,335,swipe_left
341,385,346,343,372,306,396,287,420,281,439,309,490,300,522,296,550,299,442,327,471,295,433,286,406,293,439,344,455,312,416,309,391,320,430,363,442,334,419,324,399,328,swipe_left
336,376,341,334,365,299,388,278,412,275,435,303,485,294,516,290,543,292,437,320,463,288,423,279,397,288,433,337,447,305,408,302,385,315,423,354,434,324,409,317,392,324,swipe_left
335,373,339,326,363,293,384,275,408,271,435,301,483,290,511,285,537,286,438,319,459,283,418,276,393,285,433,336,443,299,404,297,383,310,421,352,430,317,404,311,389,320,swipe_left
335,369,342,322,366,288,386,269,410,268,437,300,484,290,511,285,536,286,439,319,460,283,420,272,397,279,434,336,442,298,404,294,385,306,421,351,429,316,403,308,388,317,swipe_left
341,378,345,334,367,299,387,276,412,273,441,306,488,296,517,291,543,293,444,324,465,289,423,281,401,290,440,341,447,305,407,301,388,314,428,357,432,323,405,317,389,327,swipe_left
344,379,348,337,372,301,392,279,416,277,445,308,493,299,522,295,548,296,449,327,470,294,429,283,405,291,444,345,455,309,416,303,393,315,432,361,440,327,415,318,397,327,swipe_left
344,382,350,339,377,303,398,281,424,281,446,312,496,304,524,299,551,301,449,330,473,297,433,287,408,296,445,347,459,310,419,306,396,319,434,364,447,328,420,319,400,328,swipe_left
345,385,352,341,378,305,399,284,426,283,448,314,496,306,524,301,551,303,450,332,475,299,437,290,413,299,446,349,460,313,422,308,401,320,435,365,448,330,421,321,403,330,swipe_left
345,388,352,343,378,307,399,286,425,287,447,317,496,309,523,303,550,304,448,335,477,302,436,293,412,302,444,352,462,316,422,311,399,322,432,369,448,334,421,324,401,332,swipe_left
345,392,352,345,377,309,397,288,423,288,446,319,496,310,523,305,550,306,448,337,474,303,435,294,412,303,443,354,460,318,421,313,400,324,431,369,445,335,419,326,400,333,swipe_left
344,398,352,351,377,316,398,295,426,295,449,326,498,316,526,310,553,311,452,345,475,310,434,299,410,307,448,362,460,323,419,318,397,331,436,377,445,340,418,331,399,339,swipe_left
347,397,354,351,379,315,401,293,427,294,450,326,500,315,528,310,555,311,453,345,477,310,436,301,412,311,448,363,463,325,424,319,401,331,437,379,450,343,423,333,404,340,swipe_left
347,397,354,352,380,315,402,294,428,293,451,325,501,315,529,309,556,311,453,343,479,309,439,300,414,310,449,361,465,324,425,319,403,331,439,377,452,342,426,332,406,340,swipe_left
351,401,357,353,381,316,404,295,430,295,452,325,502,314,530,308,556,309,455,343,478,308,439,300,415,311,451,359,465,323,426,319,404,331,440,375,453,341,427,332,407,340,swipe_left
355,396,362,351,387,314,409,294,435,294,457,325,505,315,533,308,558,309,459,343,482,308,442,299,418,308,455,360,471,323,433,317,410,328,444,376,456,342,432,331,411,337,swipe_left
359,397,364,354,390,318,413,297,439,293,458,326,509,316,537,310,563,311,461,343,487,309,449,300,425,308,458,359,474,323,437,318,415,330,449,375,462,341,437,332,418,340,swipe_left
374,399,381,352,408,316,431,296,458,296,475,327,525,319,555,312,582,313,478,343,505,309,466,300,443,311,474,358,492,323,454,317,434,331,465,373,476,340,450,331,434,341,swipe_left
376,399,383,352,411,314,435,293,460,296,477,326,528,315,557,309,583,310,481,343,504,309,466,302,441,312,478,359,493,322,456,318,432,331,467,374,479,339,453,330,432,338,swipe_left
374,399,380,353,408,314,432,291,457,295,477,324,528,314,556,308,583,309,480,342,507,309,466,301,441,311,476,359,492,322,453,318,432,331,466,375,479,339,451,331,433,340,swipe_left
511,425,494,392,458,373,427,378,408,393,442,361,404,363,398,370,402,373,436,385,395,391,402,399,418,402,433,411,400,416,409,420,423,421,434,435,407,434,417,436,428,436,swipe_right
503,410,485,374,447,352,415,350,395,360,430,344,398,333,373,327,355,326,419,369,384,365,392,367,408,371,414,394,383,387,391,388,405,391,413,418,388,409,395,407,406,410,swipe_right
489,393,465,355,426,332,388,330,363,341,410,325,374,315,352,309,334,308,400,353,361,348,371,348,387,351,396,381,364,373,374,372,387,374,395,405,369,393,379,392,389,394,swipe_right
473,383,451,342,412,323,376,327,354,345,391,308,344,301,315,302,294,306,381,338,345,337,357,341,373,343,378,368,348,360,359,363,374,366,378,395,357,381,368,382,379,384,swipe_right
458,377,446,338,408,321,369,326,344,337,378,294,322,290,290,294,268,300,366,320,330,335,340,344,355,344,360,349,337,358,348,363,363,363,360,376,349,376,362,380,374,380,swipe_right
449,378,445,337,417,319,391,315,377,318,370,290,316,286,287,286,264,288,355,314,329,330,342,337,358,335,349,342,333,351,344,356,358,355,346,368,341,368,352,372,365,373,swipe_right
425,368,418,327,399,308,385,304,377,307,347,282,292,281,264,286,244,290,333,304,305,317,318,322,335,321,328,332,314,340,324,343,338,344,327,358,323,360,336,363,349,365,swipe_right
421,368,417,329,400,311,394,302,394,299,345,283,290,285,262,289,241,293,331,305,304,320,317,324,335,323,326,332,313,343,323,345,336,345,324,358,321,359,332,361,343,362,swipe_right
421,365,409,325,381,307,355,310,338,320,344,282,289,287,260,292,239,297,331,307,303,324,317,329,334,328,325,334,311,345,321,347,334,347,323,361,319,362,330,363,341,364,swipe_right
417,370,413,330,395,313,382,306,375,304,341,287,287,289,258,294,237,298,326,310,305,323,318,326,334,325,322,338,313,344,322,345,335,346,321,365,319,362,330,363,341,364,swipe_right
431,363,417,323,387,307,359,310,340,321,347,287,293,295,262,300,240,304,337,312,309,329,321,332,337,329,334,340,319,349,329,350,342,349,334,367,328,367,338,367,350,367,swipe_right
433,364,420,324,391,308,368,311,352,323,350,285,297,292,268,298,247,303,339,309,317,329,331,335,348,333,337,337,328,349,341,352,354,351,338,365,339,367,353,368,364,368,swipe_right
443,364,423,322,385,304,349,311,328,326,357,286,304,291,273,296,250,301,349,312,323,329,337,335,354,333,348,341,334,351,348,354,362,354,350,369,346,372,361,375,373,376,swipe_right
452,368,432,327,395,308,362,313,343,328,364,286,310,291,280,296,256,300,354,311,331,329,346,335,363,334,351,340,339,349,353,353,367,354,352,368,349,371,363,374,375,376,swipe_right
457,373,442,330,407,312,376,316,356,329,368,290,314,294,282,299,258,305,359,317,335,333,351,338,368,335,359,346,346,354,360,358,373,358,361,375,357,377,371,381,383,382,swipe_right
464,374,446,333,408,316,375,322,357,338,372,292,318,296,287,301,263,306,363,318,342,339,357,343,374,338,362,347,352,361,366,365,379,363,363,376,359,381,374,386,386,387,swipe_right
481,372,458,330,415,313,381,319,364,338,390,290,337,292,305,295,279,300,383,313,358,340,374,345,388,339,383,341,366,362,380,366,393,363,384,369,376,378,390,383,402,383,swipe_right
484,369,463,327,423,313,389,323,370,342,394,289,343,285,311,286,286,289,385,314,367,335,383,338,398,334,384,342,375,357,389,359,401,357,386,369,383,375,397,377,408,377,swipe_right
484,367,467,324,429,307,394,313,373,330,397,288,347,279,315,276,289,275,387,312,366,328,380,333,394,330,384,340,372,351,385,355,397,353,385,368,377,370,390,374,403,376,swipe_right
486,366,465,323,425,305,389,312,368,328,398,287,348,278,315,275,290,275,388,311,369,328,382,332,397,329,385,339,375,350,388,352,400,351,386,366,381,368,394,371,405,373,swipe_right
489,366,470,325,430,309,395,318,375,336,399,289,347,284,314,284,288,285,390,313,370,334,385,338,399,333,389,341,378,356,391,358,404,354,391,369,386,373,399,376,411,376,swipe_right
494,365,469,325,424,311,387,321,368,343,398,291,345,295,314,300,289,305,393,317,362,343,376,347,391,341,394,345,374,364,387,366,400,362,397,373,384,381,397,383,410,381,swipe_right
495,360,465,320,418,307,381,318,363,337,397,289,346,292,315,295,290,298,393,315,362,339,376,342,391,337,394,345,372,360,385,362,399,359,399,372,382,378,395,380,408,379,swipe_right
494,356,466,316,419,304,382,316,363,337,398,286,348,286,318,287,294,291,394,311,362,337,375,342,390,337,395,339,372,357,385,359,398,355,398,367,382,373,395,375,408,375,swipe_right
490,350,461,312,414,300,376,313,356,334,395,283,346,283,317,284,292,286,391,308,359,333,373,337,387,332,393,336,369,353,382,354,396,350,396,363,379,367,392,368,405,368,swipe_right
489,345,461,308,413,298,375,312,355,335,392,280,343,280,314,282,290,284,389,305,359,330,373,334,387,329,391,333,368,351,381,351,395,347,396,360,378,365,390,366,403,365,swipe_right
484,338,458,302,414,291,380,301,363,323,388,271,339,275,309,276,283,278,385,293,353,323,367,328,381,323,387,321,363,343,376,345,389,340,392,348,374,357,387,359,400,357,swipe_right
482,337,454,302,407,294,371,310,352,334,387,273,338,274,309,274,285,275,384,296,351,325,365,330,379,325,386,323,363,345,376,346,389,340,390,350,375,359,389,359,402,356,swipe_right
480,340,452,303,404,293,367,310,349,335,386,275,338,275,308,275,283,276,382,298,353,325,367,327,381,321,384,326,364,344,377,344,390,339,389,353,375,358,388,357,400,356,swipe_right
479,344,454,307,409,297,373,312,353,335,387,274,336,276,307,275,282,275,382,298,349,326,362,332,377,328,382,325,359,346,372,347,386,343,386,352,371,360,385,362,398,360,swipe_right
477,344,452,308,408,297,372,311,353,333,385,276,334,276,305,275,280,276,379,299,349,325,363,330,378,326,380,327,359,345,372,346,385,343,384,354,370,359,383,360,395,359,swipe_right
471,339,444,303,398,292,360,304,338,327,378,274,330,275,301,273,276,273,374,296,340,324,353,331,367,327,376,323,349,344,361,345,375,341,380,350,360,356,372,357,385,356,swipe_right
467,336,441,301,397,289,361,301,341,322,376,271,327,273,297,271,273,271,372,292,336,322,350,328,365,323,374,318,347,340,361,342,375,337,378,344,360,352,373,354,386,352,swipe_right
467,334,441,301,397,290,361,302,341,323,376,268,327,270,298,268,274,268,372,289,338,318,351,325,365,321,373,315,349,338,362,340,375,335,376,341,360,351,374,353,387,351,swipe_right
466,334,440,300,399,289,365,300,345,320,376,267,328,268,299,266,274,265,371,289,338,316,351,324,365,321,372,314,349,337,362,340,375,336,375,341,359,351,373,354,386,352,swipe_right
465,336,441,301,400,289,365,300,344,320,377,269,327,269,297,267,272,267,372,292,337,317,350,324,365,320,372,318,347,337,360,339,373,335,375,344,358,351,372,353,384,351,swipe_right
469,342,445,305,403,294,368,304,348,324,378,272,328,272,297,271,272,272,373,295,339,322,352,329,367,326,372,321,350,341,364,343,377,339,375,348,360,356,374,357,387,355,swipe_right
468,345,445,309,406,297,372,306,352,327,377,278,325,279,294,278,268,280,372,300,339,326,352,333,366,330,372,326,349,346,362,348,376,345,375,352,360,360,373,362,387,360,swipe_right
466,345,443,309,401,296,366,306,345,325,376,276,325,277,294,276,268,276,371,299,339,323,352,329,367,326,370,325,348,342,361,345,374,342,372,351,357,357,370,359,383,359,swipe_right
469,343,443,307,400,295,365,305,345,325,376,275,326,275,295,274,270,275,371,298,342,324,356,330,371,326,372,325,351,344,364,346,378,343,375,352,361,360,374,362,387,360,swipe_right
468,343,444,307,402,295,367,308,347,329,378,275,326,275,295,274,270,274,374,296,340,325,353,332,368,328,375,323,350,344,363,347,377,343,377,350,361,358,375,360,389,359,swipe_right
471,348,448,310,408,296,375,304,356,323,381,277,329,277,298,276,272,277,376,300,341,323,355,329,372,326,376,328,349,343,362,346,377,344,379,355,361,360,374,362,388,361,swipe_right
470,349,448,312,406,300,372,312,352,333,378,280,325,280,294,278,267,277,373,303,339,326,353,332,369,329,373,329,349,346,361,348,375,345,376,356,360,360,373,362,386,361,swipe_right
472,351,449,313,407,300,373,313,354,335,380,279,326,280,295,279,269,279,375,303,340,328,353,334,369,331,375,330,348,348,361,351,375,347,378,357,360,363,373,364,387,362,swipe_right
471,350,448,313,406,302,369,315,348,336,381,281,326,282,294,280,268,280,376,304,343,329,357,335,373,331,376,331,351,348,364,352,378,349,379,358,361,363,375,366,389,365,swipe_right
473,351,452,314,409,302,373,313,352,333,382,280,328,282,296,280,270,279,377,303,341,329,354,335,369,331,377,330,349,348,362,351,376,347,379,356,361,363,374,364,388,363,swipe_right
479,351,455,315,410,303,372,316,350,337,385,279,332,280,301,279,275,279,381,301,346,331,360,338,375,334,382,327,354,350,368,354,383,350,385,354,367,363,382,366,396,365,swipe_right
478,352,455,315,411,302,375,315,354,336,386,279,332,279,300,279,273,279,380,302,343,328,358,334,374,331,380,330,353,348,366,351,381,348,383,357,366,364,380,366,394,365,swipe_right
477,352,454,314,412,301,375,313,354,333,385,279,332,279,299,278,273,278,380,303,344,327,358,333,374,329,380,331,354,348,368,351,382,347,383,358,366,364,380,366,394,365,swipe_right
474,352,453,314,410,302,374,315,353,335,385,279,329,279,296,278,269,278,380,303,343,327,357,333,374,329,379,331,353,348,366,351,381,348,382,358,366,364,380,366,393,365,swipe_right
476,354,456,315,415,302,381,311,361,331,385,279,331,279,299,278,273,278,378,301,348,327,361,335,377,332,377,328,354,348,367,352,382,349,378,356,363,364,377,366,391,366,swipe_right
473,351,448,314,404,302,366,314,344,334,381,280,326,281,294,279,268,279,375,305,341,329,357,336,374,332,375,332,353,351,367,354,381,351,378,360,365,367,380,370,393,369,swipe_right
475,352,451,315,408,303,372,316,351,337,382,281,328,281,295,280,269,279,376,304,343,329,357,335,373,331,376,332,352,350,365,353,379,350,378,359,363,365,376,368,390,367,swipe_right
472,350,448,313,406,301,369,312,348,333,381,279,327,280,295,278,268,278,376,303,342,328,356,335,372,331,376,330,352,348,365,351,379,348,378,358,362,364,376,366,389,365,swipe_right
473,353,451,314,411,298,379,304,360,321,384,280,330,279,298,278,272,277,378,303,342,324,355,330,371,327,378,331,350,345,363,349,377,346,380,358,360,361,373,364,387,364,swipe_right
473,352,451,314,408,300,370,311,348,330,384,278,330,278,298,276,271,275,379,303,343,324,357,329,373,326,379,331,353,346,366,348,380,346,381,358,364,362,377,364,391,364,swipe_right
479,355,454,317,409,304,370,316,347,337,389,280,334,280,302,279,275,279,383,304,345,328,359,335,376,332,382,332,353,350,366,353,382,351,384,360,364,366,378,369,393,369,swipe_right
467,356,451,323,412,301,372,309,345,324,406,286,364,291,369,299,380,303,400,312,351,324,363,332,379,332,397,337,357,349,372,351,386,348,396,362,368,364,382,367,394,365,swipe_right
489,395,470,353,428,330,379,332,345,339,418,305,355,300,361,317,378,325,414,330,357,338,370,350,388,351,413,358,371,368,385,375,400,375,412,385,382,389,396,395,409,396,swipe_right
502,424,484,380,448,349,408,340,378,348,436,327,380,318,382,332,397,340,433,350,380,353,389,367,407,371,430,378,388,384,399,394,415,396,426,404,394,406,406,413,420,415,swipe_right
95,464,121,428,177,417,225,434,255,455,162,402,227,397,266,399,297,400,156,433,228,435,246,438,254,438,154,463,224,465,213,461,191,456,155,489,212,482,202,477,183,475,swipe_right
100,454,127,417,183,404,232,416,265,436,178,385,240,380,281,378,315,376,177,419,243,429,226,434,201,433,175,453,236,457,219,459,199,457,174,482,223,480,208,482,191,482,swipe_right
107,437,135,400,191,389,240,401,274,420,193,369,256,360,299,357,333,354,195,405,259,410,241,416,215,417,195,441,248,439,230,442,211,442,192,471,234,464,219,465,203,466,swipe_right
117,427,146,385,199,374,249,385,282,404,210,354,277,348,318,344,350,339,214,391,271,397,254,401,231,401,213,428,257,427,240,428,222,427,210,460,242,452,227,451,214,452,swipe_right
121,419,154,375,210,366,260,380,293,399,224,343,292,338,332,335,364,329,229,381,282,389,264,394,241,393,229,418,266,419,250,420,233,418,226,450,250,442,234,442,222,442,swipe_right
149,405,187,356,242,344,285,360,312,381,267,322,331,322,369,320,399,317,269,358,327,379,306,383,280,378,266,395,305,403,285,403,266,399,259,428,281,423,267,422,253,422,swipe_right
166,395,205,350,261,340,305,356,328,381,284,320,352,322,390,323,419,323,284,356,336,379,317,380,293,374,280,393,316,405,299,403,280,398,273,424,294,425,279,423,266,420,swipe_right
177,396,214,349,269,337,312,352,336,377,293,318,361,320,398,322,427,323,295,353,345,376,324,378,301,374,291,389,327,400,308,398,290,394,286,420,308,419,292,417,277,415,swipe_right
195,379,235,339,289,333,328,351,349,376,316,313,382,316,420,316,448,314,317,345,359,376,340,380,321,374,311,381,337,400,320,400,303,393,302,411,317,419,301,418,288,413,swipe_right
201,378,240,338,293,329,331,344,352,368,322,308,387,309,424,310,453,309,324,338,366,373,347,378,328,372,318,373,340,397,322,398,307,391,308,404,320,416,304,416,291,410,swipe_right
202,370,244,333,300,327,340,344,365,365,328,303,394,307,432,308,462,307,329,331,370,372,349,379,330,371,323,364,342,398,322,399,308,390,314,395,322,417,304,416,292,408,swipe_right
219,371,257,326,309,315,346,327,368,344,346,297,410,299,448,300,478,299,351,328,382,360,358,365,337,358,344,364,358,386,337,388,320,381,334,395,339,409,320,409,306,401,swipe_right
226,372,261,323,310,313,346,323,369,338,349,296,416,297,455,299,486,300,356,326,389,355,368,360,347,357,349,362,363,381,345,383,328,379,338,393,344,405,327,405,313,400,swipe_right
230,369,265,321,315,310,350,320,373,336,352,293,418,295,457,298,487,299,358,320,393,348,373,353,353,350,353,354,370,371,352,374,336,371,343,385,351,395,335,396,320,392,swipe_right
229,365,266,319,317,310,353,321,376,338,355,293,421,296,460,299,491,301,359,324,392,356,370,361,348,356,352,360,363,381,343,382,327,377,340,390,343,402,326,402,311,396,swipe_right
233,365,270,317,319,306,356,316,380,331,357,291,423,294,462,298,493,299,362,321,395,348,375,353,355,349,356,355,371,371,353,373,337,370,345,386,353,394,336,394,322,390,swipe_right
234,362,270,317,321,307,357,317,381,332,359,288,425,293,463,297,494,299,365,316,392,355,369,361,350,354,359,350,369,377,349,380,333,373,348,381,352,397,333,398,319,392,swipe_right
239,365,273,318,321,306,355,315,376,332,363,290,430,295,468,299,498,303,369,320,398,351,376,355,358,351,362,355,372,375,354,376,338,371,350,385,354,396,338,396,325,391,swipe_right
247,366,282,319,329,307,363,316,382,335,368,291,435,294,473,297,504,298,375,320,403,352,382,355,363,350,369,355,377,376,358,377,343,372,358,386,360,397,343,397,330,392,swipe_right
247,370,279,320,326,308,360,317,380,334,367,290,435,292,473,294,504,295,375,319,404,349,383,353,364,348,369,354,381,371,363,374,347,370,360,385,365,393,348,394,333,390,swipe_right
249,362,283,316,330,306,363,316,384,333,369,287,436,290,475,292,506,293,375,315,411,348,388,353,368,346,369,350,383,374,363,376,347,369,360,380,365,394,346,395,332,389,swipe_right
248,362,282,315,330,305,362,316,383,334,370,285,437,289,475,292,506,292,377,310,414,344,392,348,373,341,372,343,388,366,368,369,352,362,363,373,368,387,350,388,336,382,swipe_right
248,362,284,314,332,304,365,316,385,334,371,285,438,288,475,290,506,291,377,313,412,347,389,352,370,345,371,347,385,371,366,373,351,367,361,376,367,391,350,392,336,387,swipe_right
250,358,285,313,333,302,365,314,385,332,373,283,439,287,476,290,506,290,379,310,412,344,390,348,371,342,373,343,386,366,366,369,351,363,362,373,368,387,350,387,337,383,swipe_right
253,371,285,322,330,310,365,317,388,335,368,293,436,299,472,301,502,301,375,324,411,348,390,351,370,346,371,360,388,373,370,374,353,370,361,391,367,395,351,395,337,393,swipe_right
252,374,284,325,330,314,365,324,388,342,369,296,435,302,471,306,501,307,376,324,409,356,388,361,368,355,370,360,385,380,366,382,350,378,360,390,365,402,349,403,334,398,swipe_right
252,373,286,327,333,316,365,327,385,345,370,298,436,305,472,308,501,308,377,328,405,361,383,364,365,358,371,363,383,385,364,387,349,381,362,393,366,405,349,406,334,401,swipe_right
251,376,283,329,329,318,363,327,383,345,368,300,434,305,471,307,502,307,375,328,407,359,385,363,366,357,371,362,385,382,366,385,349,380,363,392,369,403,351,404,337,400,swipe_right
246,375,280,331,328,319,365,329,388,346,363,300,430,303,468,305,499,305,371,330,405,359,384,364,363,358,367,365,384,384,365,387,347,383,358,395,365,406,348,407,333,403,swipe_right
245,380,277,333,323,321,358,330,379,347,361,303,427,305,465,305,496,305,369,332,400,362,379,367,360,363,364,368,379,386,360,389,344,385,355,399,362,408,345,409,331,406,swipe_right
243,380,278,336,326,323,361,332,385,350,361,304,426,305,465,307,495,307,368,332,401,365,381,370,361,364,363,367,380,390,361,392,344,386,354,399,361,413,344,413,329,407,swipe_right
242,385,274,339,323,325,363,332,390,346,360,305,425,306,463,308,493,307,367,333,396,368,374,374,356,368,363,367,376,392,355,395,340,389,355,398,362,413,343,414,328,409,swipe_right
244,391,272,345,319,326,357,330,382,346,353,302,420,296,458,295,488,294,359,329,399,359,378,367,358,365,357,364,379,387,360,390,344,387,352,395,364,409,347,411,333,408,swipe_right
242,395,274,349,325,329,370,333,403,343,348,304,415,296,453,293,483,289,353,333,402,358,382,369,360,368,351,368,382,388,363,392,346,389,347,401,367,411,350,413,336,410,swipe_right
237,409,265,361,314,335,360,337,395,348,338,308,405,301,442,297,472,293,342,334,406,366,390,380,368,379,341,368,386,395,367,400,347,396,337,401,369,417,351,419,335,415,swipe_right
237,443,265,398,316,364,369,356,409,360,318,319,383,307,420,306,450,305,314,336,392,357,378,378,359,381,313,363,382,392,363,405,343,401,314,395,368,417,352,426,334,421,swipe_right
435,358,433,306,409,272,395,246,380,223,316,302,268,297,227,296,193,299,312,327,314,267,354,242,385,239,329,344,341,277,383,257,410,261,356,350,374,292,404,278,424,284,swipe_right
439,361,438,301,413,266,398,236,384,212,317,295,264,291,227,288,195,291,316,319,310,260,350,235,380,234,332,335,340,270,382,251,410,254,358,343,373,287,404,275,426,278,swipe_right
451,351,443,292,419,260,405,229,392,203,321,289,269,284,233,280,203,282,322,314,318,252,360,227,391,226,341,330,344,264,386,240,415,241,369,338,377,281,406,264,428,266,swipe_right
459,354,448,292,428,255,416,222,405,196,332,276,282,271,244,266,214,266,331,300,336,239,376,217,404,219,349,318,363,253,401,233,426,236,375,328,390,273,416,259,435,262,swipe_right
396,397,357,390,315,390,288,399,274,412,297,374,263,392,263,409,268,416,314,379,288,422,295,432,303,427,337,390,316,436,324,440,331,429,362,402,345,442,352,441,358,427,fist
381,394,330,397,292,406,285,433,295,459,281,345,253,348,240,372,236,392,303,345,273,382,272,415,280,433,331,356,306,407,317,419,328,414,359,372,339,417,345,423,352,412,fist
362,393,315,405,283,414,268,419,287,412,268,312,237,346,248,368,261,369,295,309,267,362,279,383,288,378,323,320,301,384,311,397,317,386,349,342,330,395,336,402,341,389,fist
342,387,303,390,278,392,273,396,296,389,267,292,237,335,252,359,265,355,298,290,267,345,280,366,287,355,329,304,301,361,306,378,312,366,354,327,331,372,330,383,334,374,fist
348,356,313,358,280,366,262,385,264,399,272,296,253,362,266,361,275,340,309,293,293,384,304,371,309,341,347,304,329,392,337,377,342,349,382,323,365,390,368,378,371,352,fist
344,349,299,359,267,378,271,406,297,417,270,302,262,378,277,378,285,354,312,300,301,390,310,379,312,349,352,312,338,399,337,386,337,359,385,332,370,401,364,393,361,369,fist
353,365,308,370,274,380,270,397,282,406,277,300,270,376,283,384,290,365,318,299,309,390,317,386,318,359,357,312,342,401,345,395,345,372,389,332,374,401,370,397,368,376,fist
357,364,314,369,281,377,288,398,313,412,283,305,281,376,292,377,297,356,323,301,322,393,327,381,328,352,364,311,357,400,359,388,359,361,399,328,390,398,387,388,387,361,fist
365,361,329,377,305,399,333,428,376,441,298,327,309,396,309,395,308,378,341,315,363,411,355,399,347,373,385,319,397,411,383,402,374,380,420,332,427,401,413,395,404,372,fist
372,366,341,381,318,399,344,426,384,437,301,327,313,383,317,388,320,377,346,308,375,412,369,412,360,391,391,310,408,413,394,412,382,395,428,320,435,397,418,401,407,389,fist
373,370,344,389,322,407,354,427,403,426,304,319,326,378,328,386,327,372,349,299,384,401,365,396,347,373,393,301,418,399,396,394,380,373,429,312,441,384,422,381,412,364,fist
374,367,345,385,324,401,356,422,401,424,309,311,331,372,328,376,323,362,354,294,385,398,367,395,352,371,396,297,418,395,398,387,385,363,432,310,443,382,425,378,416,359,fist
377,367,343,386,321,399,353,414,399,411,309,306,329,364,327,373,323,361,354,287,384,392,367,391,351,366,396,289,418,389,399,382,383,358,431,301,444,374,427,374,416,358,fist
394,370,361,393,336,415,360,438,399,441,320,331,344,386,346,385,343,368,362,306,402,407,390,404,373,377,404,303,435,399,418,393,402,369,441,310,463,382,449,383,439,366,fist
391,377,361,399,340,416,379,432,429,427,319,327,340,384,344,389,345,376,362,301,404,412,388,414,369,391,406,298,439,404,418,400,399,378,443,306,464,386,447,390,437,376,fist
402,377,371,398,348,415,381,431,426,425,330,329,354,377,361,381,365,368,372,304,413,407,394,411,372,390,414,301,447,400,425,397,407,376,451,310,471,383,452,384,439,370,fist
396,374,367,398,347,413,385,429,433,424,324,325,346,380,355,388,359,373,369,300,408,403,391,406,371,382,413,297,445,396,425,393,406,369,451,305,469,380,452,383,441,367,fist
316,269,283,314,283,365,323,399,368,412,310,306,360,373,360,390,342,389,357,288,406,378,393,391,372,384,397,283,436,373,424,384,405,379,427,286,459,355,449,369,435,370,fist
412,390,382,408,359,420,392,431,437,425,339,332,359,380,367,388,371,374,381,308,416,402,402,409,385,391,422,304,452,398,433,399,417,380,458,311,476,383,461,392,451,382,fist
409,383,377,406,354,423,387,436,435,429,338,337,360,387,361,396,361,384,379,312,416,412,399,418,379,399,421,309,451,405,431,405,412,386,456,317,475,389,458,392,445,377,fist
406,383,377,404,355,424,385,443,429,441,334,336,362,396,363,402,361,386,376,313,418,414,399,411,378,387,419,311,450,407,428,402,410,379,453,319,471,391,453,389,441,372,fist
392,374,367,399,350,417,378,435,425,432,332,334,351,386,348,388,347,374,371,310,403,408,385,395,370,370,412,308,436,402,417,391,404,369,446,317,459,385,442,376,433,359,fist
397,374,367,397,346,414,371,431,414,432,326,330,342,380,340,383,340,369,364,308,399,405,384,400,369,377,405,306,435,399,416,394,403,373,441,315,458,382,441,380,431,365,fist
397,366,369,390,348,410,376,429,423,426,328,328,358,389,365,397,369,384,370,307,407,401,389,396,371,373,412,305,439,396,419,390,404,369,446,313,458,381,440,379,428,364,fist
394,365,363,387,343,405,375,423,423,422,333,323,360,379,368,390,374,383,376,304,407,396,388,394,372,375,417,304,437,392,417,385,404,363,449,313,457,378,439,374,428,357,fist
397,365,365,386,341,401,368,422,414,422,333,318,356,373,347,375,340,360,375,299,402,397,385,386,371,358,416,300,434,395,415,385,404,362,449,311,458,377,443,371,435,354,fist
387,367,355,381,331,391,356,412,397,417,327,315,340,360,336,360,332,346,370,297,394,394,377,385,363,360,411,298,426,393,408,382,397,360,443,309,450,376,436,372,430,358,fist
390,371,357,381,329,389,335,401,363,393,335,313,357,375,347,377,338,361,373,298,398,390,385,383,375,359,410,300,427,389,414,382,405,361,441,310,452,375,439,374,430,360,fist
394,369,364,385,342,398,370,415,413,416,341,320,356,372,342,373,334,358,380,303,401,394,384,388,373,365,417,305,431,394,414,387,404,365,447,316,454,380,440,378,434,363,fist
406,375,371,388,340,399,345,409,370,399,341,319,364,383,357,388,348,374,378,306,403,393,392,388,382,366,416,309,432,393,420,387,412,366,447,318,455,381,445,380,438,364,fist
405,372,374,382,348,396,360,415,393,414,343,320,364,388,360,392,352,376,382,308,406,397,393,389,380,365,420,310,436,396,423,389,413,368,452,320,460,382,449,379,444,362,fist
407,369,375,384,350,399,368,418,405,419,346,325,361,386,360,394,357,380,386,311,404,402,394,395,384,371,423,313,436,399,423,393,414,373,454,323,460,386,449,383,444,367,fist
415,379,383,394,359,409,381,429,420,431,355,334,372,400,375,408,375,395,393,321,413,412,402,405,391,383,430,322,443,408,429,400,420,380,459,332,466,396,455,391,449,372,fist
416,377,385,391,361,407,380,430,418,434,360,333,374,396,372,401,370,388,397,322,415,412,403,404,394,381,433,325,445,411,432,403,424,382,463,336,467,399,456,394,451,376,fist
419,384,387,398,361,412,381,432,420,433,358,334,372,397,382,415,390,411,399,322,416,417,404,413,393,391,437,326,446,416,433,408,425,385,467,338,469,405,458,400,453,380,fist
424,386,392,400,365,414,382,437,419,440,361,338,377,403,378,411,378,398,400,325,419,417,408,411,398,387,438,328,451,415,437,410,429,389,469,339,475,403,463,401,457,384,fist
422,391,393,404,368,416,388,436,424,439,363,341,373,387,373,392,372,382,402,325,421,417,408,413,398,393,441,329,452,417,437,412,429,393,472,341,478,406,464,402,458,386,fist
427,392,394,407,369,420,387,439,423,440,368,346,381,407,382,411,384,397,408,333,425,427,415,415,407,390,446,336,455,426,443,416,437,395,476,348,479,414,468,405,463,385,fist
427,402,395,416,370,427,393,442,434,441,368,346,385,412,397,428,406,422,410,334,428,428,416,427,404,406,448,337,459,427,444,422,435,401,479,348,482,413,467,412,458,397,fist
430,401,399,419,372,428,393,442,432,442,369,347,386,408,389,418,392,409,409,334,430,428,418,418,406,392,448,338,461,428,448,420,440,399,478,350,483,416,470,410,463,390,fist
430,401,399,417,374,425,393,439,430,439,368,349,381,405,389,417,395,411,407,335,429,430,419,422,408,399,446,337,459,428,448,421,440,402,478,348,483,414,470,410,463,393,fist
432,397,404,413,381,428,401,452,439,457,374,351,388,418,390,423,393,410,412,338,433,429,421,417,413,392,450,341,463,428,449,419,441,398,481,352,486,417,473,409,466,389,fist
434,397,404,412,381,426,403,447,441,454,373,350,391,420,408,444,421,446,414,338,434,431,422,430,410,410,452,343,465,430,450,425,440,406,483,353,489,418,474,415,466,399,fist
440,401,410,412,384,424,396,441,426,444,380,353,391,421,395,428,398,417,420,342,437,438,427,429,418,407,458,346,467,437,455,426,446,404,489,358,492,425,480,417,473,396,fist
440,401,412,414,389,426,410,449,449,455,383,350,395,415,397,421,399,408,423,338,442,434,427,423,415,398,461,344,472,436,456,425,446,403,492,358,495,424,479,417,471,397,fist
442,411,410,422,387,428,408,441,443,441,383,351,397,407,405,420,409,415,423,338,443,431,431,426,418,405,461,343,471,432,460,425,451,405,492,355,494,422,483,418,476,400,fist
446,402,414,416,391,428,413,448,452,452,387,347,396,410,399,418,402,406,426,337,442,433,431,425,421,400,464,342,473,433,460,424,451,402,494,355,497,422,484,417,478,397,fist
444,401,416,415,393,427,415,448,454,450,386,347,400,407,402,414,402,401,425,335,445,426,432,418,421,394,464,341,476,428,461,420,451,399,495,354,500,418,486,414,479,396,fist
444,402,414,415,392,426,414,444,451,447,384,350,396,402,401,408,404,397,424,336,443,426,431,419,420,396,463,340,475,427,461,420,453,400,495,352,500,417,487,415,481,399,fist
445,397,415,412,392,425,416,445,455,449,389,349,403,411,409,418,415,410,428,336,446,429,436,421,427,400,466,340,477,428,463,421,456,402,497,351,500,418,486,415,480,397,fist
445,398,416,411,392,422,409,441,447,442,387,345,399,405,407,418,413,412,427,333,446,431,434,425,421,401,466,338,476,431,464,423,454,401,497,352,501,420,487,416,478,398,fist
447,397,420,411,398,425,418,446,454,449,386,348,398,406,405,412,411,403,427,334,446,428,437,420,428,398,465,338,477,428,465,420,457,400,497,350,501,417,488,414,481,397,fist
446,403,418,416,398,426,423,444,461,448,387,350,397,398,404,410,410,405,427,334,447,423,434,425,424,408,465,337,479,423,462,424,451,408,497,348,504,412,488,415,480,403,fist
445,400,414,413,392,422,417,438,455,441,388,348,399,405,402,415,404,408,428,335,446,422,435,417,426,396,466,338,478,423,465,417,456,397,498,349,502,413,490,412,484,394,fist
449,394,417,406,393,417,413,433,452,432,388,340,403,399,404,404,403,390,427,328,447,421,437,410,428,385,465,333,476,420,463,410,456,388,496,345,499,409,488,402,483,382,fist
445,392,416,404,394,414,419,432,458,435,390,341,397,394,402,404,408,399,429,327,445,418,435,413,427,393,467,331,475,419,462,415,454,397,497,343,499,409,484,408,476,394,fist
447,392,418,405,396,416,415,434,451,434,389,339,400,396,402,400,404,389,428,326,445,418,436,408,428,385,465,330,474,418,463,409,456,388,495,342,498,409,487,404,483,383,fist
447,386,419,398,396,409,414,428,450,430,393,336,403,393,402,400,402,392,432,325,448,418,435,407,424,384,468,330,475,418,463,406,456,385,497,342,499,408,488,399,483,379,fist
451,386,423,398,400,409,421,430,459,434,395,337,401,391,405,399,410,393,433,325,446,415,437,408,429,386,469,330,477,417,465,411,458,392,500,342,501,408,489,406,484,389,fist
446,384,417,397,397,407,418,425,455,427,392,334,399,383,406,394,413,391,431,321,447,417,441,410,434,389,468,326,476,416,467,407,461,386,500,339,501,406,489,400,484,381,fist
452,383,422,392,398,400,399,411,418,407,391,329,409,389,409,395,407,382,428,317,449,408,443,396,434,370,465,320,475,405,470,396,463,373,496,331,499,396,494,389,491,368,fist
451,373,423,382,397,394,402,415,423,420,392,330,404,391,406,389,405,373,430,317,446,404,442,392,437,366,467,319,475,403,469,392,465,368,497,329,498,394,493,387,491,365,fist
452,372,423,380,398,393,405,413,429,418,394,330,404,392,407,389,406,372,432,318,447,405,443,393,438,367,469,320,475,404,470,392,465,368,500,329,499,394,493,386,491,364,fist
459,374,431,382,410,393,423,409,448,413,397,330,409,395,417,392,421,375,433,317,448,403,449,390,448,365,469,318,477,400,475,389,473,366,500,326,501,390,499,383,499,361,fist
470,386,444,391,421,401,427,415,448,419,404,341,414,399,420,404,422,394,439,328,453,412,451,413,447,400,475,327,484,406,480,399,474,380,508,334,511,392,506,389,503,373,fist
484,403,453,413,432,428,437,448,457,465,419,371,434,431,449,453,456,455,455,362,469,435,477,451,477,450,491,363,500,434,503,446,502,442,520,370,526,423,528,435,529,433,fist
497,420,469,428,451,440,450,457,463,470,444,393,454,456,464,487,469,504,474,388,482,464,488,499,487,517,503,391,507,465,513,496,513,514,528,400,533,454,535,479,534,494,fist
336,310,386,333,411,356,386,386,344,406,396,279,376,341,371,362,370,353,346,271,331,343,337,361,344,344,307,277,300,349,309,366,317,350,279,291,277,355,287,369,294,361,fist
311,371,365,378,401,377,392,384,365,389,395,284,386,352,378,366,374,352,351,275,345,358,347,362,350,339,310,285,309,363,314,365,316,341,276,302,280,362,287,366,290,347,fist
312,370,361,382,397,385,390,390,363,389,390,288,377,350,375,362,380,349,348,280,340,356,346,360,351,338,310,290,309,362,317,364,322,340,279,306,282,363,292,365,297,343,fist
311,363,361,373,396,377,391,384,365,386,391,282,381,343,380,358,384,346,350,277,346,351,351,359,355,340,311,287,314,359,322,364,325,344,281,304,287,361,297,367,303,350,fist
321,375,368,381,400,378,384,381,354,385,392,282,381,342,378,362,379,352,350,277,345,348,349,361,354,342,313,287,314,354,323,365,329,345,284,303,288,359,299,369,306,353,fist
339,393,375,391,403,378,382,371,352,370,390,281,384,326,379,349,379,343,350,273,347,328,351,350,356,338,316,279,317,338,325,358,331,344,288,292,292,342,302,360,309,350,fist
338,379,377,379,406,366,384,366,352,370,386,279,383,329,376,351,375,343,349,272,348,330,349,349,352,337,316,278,319,338,326,356,329,343,289,292,294,341,303,358,309,347,fist
352,388,387,385,409,371,378,369,343,372,389,278,383,326,380,347,381,339,350,272,350,334,355,353,359,341,318,281,320,344,331,361,336,347,291,297,296,347,310,363,317,352,fist
351,378,386,379,410,370,383,368,348,367,390,280,380,336,377,353,377,343,350,275,347,341,353,354,358,341,317,284,320,350,331,362,336,349,291,301,298,351,309,362,314,350,fist
347,374,385,378,409,369,379,369,341,370,389,281,382,340,376,359,373,348,350,275,349,345,353,359,356,343,318,285,320,353,330,365,333,349,291,302,297,354,308,366,314,354,fist
354,384,388,383,409,371,376,371,338,375,387,286,379,338,377,355,378,344,350,280,346,345,354,360,359,344,319,288,318,354,332,367,339,353,293,303,296,354,310,369,317,361,fist
349,375,384,375,405,366,374,371,340,375,391,286,382,339,380,355,381,346,352,278,348,344,354,357,360,343,320,286,320,353,332,365,337,350,293,302,298,354,310,366,317,354,fist
347,382,384,383,407,370,377,368,343,369,385,284,378,337,370,357,365,349,347,278,344,342,348,354,351,340,315,288,315,351,325,363,330,349,289,305,293,352,306,363,312,353,fist
352,375,389,376,408,365,367,371,327,376,384,286,374,338,376,355,379,346,345,278,342,345,353,358,359,344,313,287,316,355,330,366,336,350,288,303,295,355,308,367,314,355,fist
349,375,383,376,405,366,372,370,336,374,382,284,369,336,371,351,376,341,344,279,338,342,347,355,353,341,313,288,312,352,325,364,331,349,288,304,292,353,305,365,311,354,fist
341,369,378,371,401,362,369,366,332,371,379,284,374,337,370,354,369,346,341,278,341,343,347,356,350,344,310,286,313,352,324,362,329,349,285,302,290,351,303,364,309,356,fist
343,369,380,372,402,363,370,368,333,372,381,284,372,341,371,356,372,345,343,278,340,349,348,359,353,341,312,287,314,357,326,365,331,348,287,302,293,355,305,366,309,355,fist
344,379,379,381,403,371,376,371,343,374,381,289,375,342,371,358,369,346,345,283,343,350,347,360,349,343,314,292,314,357,324,367,328,352,289,307,291,356,302,368,307,359,fist
348,378,385,380,409,371,379,374,344,378,381,290,372,343,373,358,374,348,344,285,342,351,352,360,357,343,314,294,316,360,330,368,335,352,290,310,296,360,309,369,314,358,fist
356,394,389,391,408,375,370,376,329,378,382,292,372,341,376,359,380,350,345,286,341,350,353,363,359,348,315,296,316,361,330,372,336,357,291,313,296,363,309,374,314,361,fist
348,382,383,383,405,372,375,375,339,378,383,293,373,345,375,360,379,347,345,287,342,353,352,363,357,348,314,297,317,361,329,370,333,355,289,314,297,364,310,373,314,359,fist
347,396,380,396,402,384,377,382,344,385,385,302,378,353,375,368,376,356,350,298,347,358,353,368,357,352,320,307,319,367,328,376,331,361,294,323,297,370,308,378,312,365,fist
353,395,388,394,410,383,380,382,342,385,390,303,380,358,376,376,375,366,353,297,349,364,355,377,359,363,323,305,322,371,334,382,337,366,299,321,301,372,313,382,319,370,fist
353,408,385,405,407,389,380,385,345,388,389,305,380,357,376,377,377,367,354,300,350,364,356,380,360,365,325,309,324,372,335,385,338,370,301,326,303,375,316,387,322,374,fist
352,406,388,401,410,384,386,378,352,379,392,304,383,359,381,374,382,362,355,299,352,367,358,376,361,360,324,309,325,372,335,380,337,363,299,327,303,375,316,381,322,365,fist
354,405,387,403,409,388,382,385,346,387,390,307,379,360,378,377,382,367,354,302,351,363,358,377,363,363,325,311,326,371,336,383,340,369,301,328,305,375,316,385,322,373,fist
355,399,391,398,412,386,381,387,343,393,392,310,381,364,380,378,381,366,355,304,351,371,359,380,363,363,325,312,324,377,336,384,340,368,300,329,303,377,314,385,319,371,fist
356,402,389,400,410,386,380,385,342,390,389,308,378,362,379,378,384,367,353,302,349,368,357,379,362,364,323,311,324,376,336,385,340,370,299,328,303,376,316,385,321,372,fist
354,399,390,398,411,385,380,385,343,390,389,308,378,363,376,379,377,368,353,303,349,369,356,380,360,364,323,312,322,377,334,386,339,371,298,328,301,377,314,386,321,373,fist
351,403,384,402,407,388,384,386,349,388,387,309,377,363,376,378,378,366,350,303,348,367,355,377,359,361,321,313,322,374,332,383,336,368,296,329,300,377,312,385,317,371,fist
355,405,388,402,408,388,380,385,345,389,387,311,376,366,374,382,376,371,352,305,346,370,352,379,357,363,323,314,320,375,331,384,336,370,299,329,300,377,311,385,316,371,fist
352,406,386,403,409,389,382,388,349,395,387,313,376,367,373,385,373,376,352,309,348,373,354,386,359,372,324,318,322,380,333,391,336,376,300,334,301,382,312,391,317,379,fist
347,413,381,409,405,391,389,385,360,387,386,316,377,371,374,386,375,374,352,311,347,374,353,385,357,367,323,320,321,380,331,391,335,376,299,336,300,383,312,393,317,380,fist
369,473,324,469,287,442,260,413,234,391,311,383,302,338,298,312,298,295,339,376,337,323,337,292,339,269,368,380,366,329,365,300,364,276,396,393,400,358,401,336,402,318,open_hand
363,459,316,454,278,419,253,388,226,367,306,349,299,305,295,276,291,251,337,341,340,289,342,254,342,225,367,347,370,298,373,267,373,239,395,363,403,325,409,300,414,277,open_hand
361,443,314,434,274,402,245,372,219,350,305,326,300,279,298,251,298,228,336,319,341,264,345,228,348,199,365,326,375,272,382,240,389,210,392,343,406,303,416,278,424,254,open_hand
359,431,309,423,267,389,237,359,208,338,297,311,290,260,288,230,287,203,330,304,338,245,344,208,349,178,360,311,374,257,383,224,391,195,387,328,406,290,419,266,429,243,open_hand
355,428,304,419,261,384,228,353,197,334,289,304,280,252,276,220,275,192,324,297,331,236,338,199,346,168,354,303,367,249,378,216,387,186,381,320,401,284,416,260,428,237,open_hand
354,427,302,420,256,385,223,354,193,336,284,303,274,251,269,219,267,191,317,294,322,234,328,197,335,166,348,299,360,245,370,213,379,184,375,315,395,279,409,255,421,233,open_hand
353,446,299,442,251,408,217,377,184,358,274,320,261,269,255,236,251,207,308,309,309,249,314,210,319,178,340,313,349,259,356,224,362,193,370,329,388,291,402,265,414,240,open_hand
353,450,299,445,251,412,218,382,185,363,275,324,261,272,254,239,250,210,310,313,309,251,312,212,316,180,342,318,349,261,356,226,362,194,371,333,389,292,402,266,413,241,open_hand
358,452,303,449,256,417,221,387,186,368,276,327,262,275,255,241,251,212,311,315,309,254,311,215,316,183,344,318,351,261,357,227,362,196,374,332,391,291,404,266,414,241,open_hand
357,455,302,450,255,416,220,387,186,369,279,327,263,276,255,242,251,213,314,314,312,254,314,215,317,183,346,317,354,261,360,227,364,196,376,332,394,292,407,267,417,242,open_hand
365,452,309,449,258,416,221,388,186,371,281,326,264,274,257,241,253,212,316,314,314,252,315,214,319,182,350,316,356,260,362,226,367,195,380,330,397,291,411,266,422,242,open_hand
379,452,322,449,272,419,235,391,198,378,299,328,281,273,272,238,268,208,336,314,334,251,335,211,338,179,370,317,377,260,383,225,387,194,402,333,422,293,436,267,446,241,open_hand
388,457,330,456,279,427,241,400,204,386,306,330,287,277,279,243,274,213,344,317,340,254,341,215,344,183,378,320,386,263,393,228,398,197,411,336,432,297,447,272,459,247,open_hand
393,462,336,458,285,433,247,407,209,394,314,335,294,281,285,247,279,217,351,321,347,259,347,220,350,187,386,325,393,267,399,233,404,202,419,341,442,303,457,278,469,253,open_hand
399,463,343,458,292,433,251,413,212,404,320,335,302,280,293,246,287,217,359,322,356,259,357,221,359,190,394,325,402,267,409,234,414,205,427,342,450,306,465,282,476,258,open_hand
405,461,349,456,298,431,257,414,217,407,326,335,309,281,299,248,292,219,365,322,363,260,364,223,367,191,401,325,410,269,417,236,423,206,435,342,459,306,477,284,491,261,open_hand
420,448,365,441,313,412,272,394,234,390,348,321,329,269,321,236,316,205,385,309,384,249,386,213,391,182,421,312,429,260,435,227,441,197,453,328,476,296,494,277,509,258,open_hand
422,445,368,438,318,411,276,391,239,383,352,317,334,265,325,233,319,204,389,305,388,245,389,209,392,179,423,308,432,256,438,224,443,195,453,324,477,291,495,271,509,252,open_hand
422,441,369,433,319,405,279,387,243,378,353,312,335,261,327,229,321,201,391,301,390,242,392,206,396,175,425,305,433,252,439,221,443,191,455,321,479,289,496,269,511,251,open_hand
427,436,371,430,322,405,282,385,245,374,356,310,338,259,329,227,322,199,393,298,392,239,395,204,398,173,427,302,435,250,441,219,445,190,457,317,480,285,498,267,513,250,open_hand
427,433,373,427,325,401,285,381,248,370,358,308,341,258,333,226,326,198,395,297,395,238,397,203,401,172,429,301,439,249,445,218,449,189,459,317,483,285,501,266,515,247,open_hand
431,433,376,425,328,398,289,379,252,367,362,307,344,256,335,224,329,196,398,296,397,237,400,201,403,170,431,299,440,247,446,215,450,186,461,313,484,281,502,262,516,243,open_hand
441,431,388,422,341,394,301,372,264,360,375,304,358,253,349,221,344,193,410,294,410,236,411,201,414,171,442,298,452,247,459,217,464,189,470,313,495,282,512,263,527,245,open_hand
444,429,392,421,346,395,306,371,268,356,378,304,361,254,351,222,346,194,413,293,413,235,414,200,417,169,445,297,455,245,461,213,465,185,474,312,497,280,515,260,529,242,open_hand
448,428,395,419,348,392,308,369,271,355,380,302,363,253,354,221,347,194,415,292,415,235,416,201,418,170,447,296,457,245,462,214,465,185,475,311,499,279,516,261,530,243,open_hand
447,427,396,418,351,391,312,367,275,352,383,301,366,251,357,219,351,192,418,291,418,233,419,198,421,168,450,295,461,243,467,211,471,183,478,310,501,278,518,259,532,242,open_hand
448,426,398,417,353,392,315,369,279,354,386,299,368,250,359,218,353,192,421,290,421,232,422,198,424,168,453,294,463,243,468,212,472,184,480,310,503,279,520,260,533,242,open_hand
451,424,400,416,354,391,317,368,281,351,390,301,371,251,362,219,356,192,425,291,424,233,425,199,428,168,456,295,466,244,471,213,475,185,484,311,507,279,523,260,537,242,open_hand
454,427,403,418,357,392,319,369,282,353,392,302,373,253,364,221,357,193,426,292,426,235,428,200,431,169,458,296,468,245,474,215,478,187,486,311,509,280,526,262,540,244,open_hand
459,430,407,422,363,396,326,374,290,358,396,307,377,258,367,227,360,201,431,297,430,239,430,206,432,176,464,301,473,250,479,220,483,193,492,317,515,286,531,267,544,249,open_hand
459,431,409,422,365,396,327,373,291,359,397,307,378,258,368,227,362,200,432,297,430,239,432,205,434,175,463,301,473,250,478,221,482,194,492,316,515,285,531,266,545,249,open_hand
461,428,410,421,366,395,329,372,292,358,398,306,380,257,370,225,364,199,433,296,431,239,432,205,435,175,465,300,473,250,478,220,482,192,493,316,516,285,533,266,547,249,open_hand
460,427,410,418,367,393,330,371,295,356,399,305,381,256,370,225,364,198,433,294,432,237,433,203,435,174,465,298,475,248,481,218,485,192,493,314,517,283,534,265,548,248,open_hand
462,426,412,418,367,392,330,369,295,353,400,303,382,256,372,224,367,198,434,293,432,236,433,203,435,173,466,297,475,247,481,217,485,191,495,313,518,282,535,264,549,246,open_hand
462,427,412,419,368,393,332,369,297,353,402,305,384,257,375,226,369,200,436,295,434,238,435,204,437,175,467,298,477,249,482,219,486,191,496,314,519,284,536,265,550,247,open_hand
464,430,413,420,370,393,333,371,297,356,403,306,385,258,375,227,369,201,437,296,435,240,435,206,437,177,469,300,478,250,484,220,488,194,498,316,521,286,537,267,551,248,open_hand
463,429,412,420,369,396,333,373,297,357,403,307,385,260,375,229,370,202,437,297,435,241,436,207,439,178,469,301,478,252,483,222,488,195,497,317,520,287,537,268,551,250,open_hand
464,430,413,421,370,395,334,372,298,356,403,308,385,260,375,229,370,202,438,298,435,242,436,208,438,178,469,302,478,252,483,222,488,195,498,318,521,288,537,269,551,251,open_hand
462,429,412,420,369,395,334,372,298,356,403,307,384,259,375,228,370,201,437,297,435,241,436,208,439,179,468,301,477,251,483,222,487,196,496,317,520,287,536,268,550,251,open_hand
461,427,412,419,369,393,332,371,297,356,403,306,383,258,373,227,367,201,436,296,433,240,433,207,435,178,468,300,475,251,481,222,485,195,496,316,519,286,535,267,548,249,open_hand
459,425,410,417,366,391,330,368,295,353,401,305,382,257,373,226,368,199,434,294,433,238,434,204,437,176,466,298,476,248,482,219,486,193,493,314,518,284,534,265,548,248,open_hand
457,426,407,418,364,392,326,370,290,354,397,304,379,257,370,226,365,200,431,294,430,239,431,206,434,177,462,299,472,250,478,221,483,194,489,315,513,286,530,268,544,250,open_hand
457,429,407,419,363,393,327,370,291,355,396,306,378,259,369,228,364,202,430,297,428,241,429,208,432,178,461,300,471,253,477,223,481,196,489,315,513,286,529,268,542,251,open_hand
455,428,406,419,363,393,327,371,292,356,395,305,378,258,369,227,363,201,429,296,429,241,429,208,432,179,460,300,472,252,477,223,481,197,488,315,512,286,528,269,541,252,open_hand
454,427,405,418,360,393,324,371,289,355,394,306,376,258,368,227,363,201,428,296,427,241,429,208,432,179,459,300,470,252,476,223,481,198,486,315,511,285,528,268,542,250,open_hand
453,427,404,417,361,392,324,370,288,356,392,304,375,257,366,227,361,201,426,295,425,240,426,207,429,178,457,299,468,251,473,222,477,196,485,315,508,286,525,268,539,251,open_hand
451,425,402,416,359,391,322,368,287,353,391,303,374,256,365,224,359,198,425,294,424,239,425,206,427,177,455,298,466,250,472,222,475,195,483,314,507,284,524,267,538,251,open_hand
450,426,402,416,358,390,321,367,286,353,390,302,372,254,363,223,357,197,423,292,422,237,423,204,425,175,454,297,464,247,469,218,472,192,481,312,505,282,521,264,534,246,open_hand
452,424,402,416,358,392,322,370,287,354,390,303,372,255,363,224,357,197,424,293,422,237,423,204,425,175,454,297,465,248,470,218,473,191,481,312,506,283,522,265,536,249,open_hand
451,425,401,416,359,393,323,371,287,355,390,304,374,256,364,225,358,198,424,294,423,239,424,206,426,176,454,297,466,249,471,219,475,191,481,312,505,284,521,266,535,249,open_hand
452,424,402,416,359,392,323,370,287,355,390,303,373,255,364,223,358,197,424,293,423,238,424,205,426,175,454,297,465,248,471,219,474,193,481,313,505,283,522,265,535,249,open_hand
451,424,401,415,359,390,322,367,286,353,390,301,373,254,364,222,357,197,423,292,423,237,424,204,427,175,454,296,465,248,470,219,473,192,481,312,504,282,521,264,534,248,open_hand
446,417,398,409,354,383,318,360,283,347,387,295,369,248,360,217,354,190,420,286,419,230,420,197,422,168,450,290,460,240,467,212,472,186,477,306,500,276,517,258,530,242,open_hand
446,416,396,407,353,383,317,359,283,344,385,294,369,247,360,216,354,190,418,284,418,230,419,197,421,168,449,288,459,240,464,211,467,185,475,304,499,275,515,257,529,240,open_hand
445,415,395,407,352,382,317,359,283,344,384,295,368,247,359,216,353,190,417,285,417,230,418,198,421,169,447,288,458,241,464,212,468,186,474,303,497,274,514,257,527,241,open_hand
446,416,396,408,352,384,316,360,281,345,384,297,368,249,358,217,352,191,417,287,416,232,417,199,420,169,447,291,457,242,462,213,466,186,474,305,496,276,513,258,526,241,open_hand
446,417,395,409,352,384,316,361,281,346,384,298,368,250,358,218,352,192,417,288,416,233,417,200,419,171,446,292,457,244,462,215,465,188,473,306,496,277,513,259,527,241,open_hand
446,418,396,410,352,385,316,362,281,348,384,299,368,251,359,220,353,194,417,289,417,234,418,201,420,172,447,292,458,245,463,216,467,189,474,306,497,277,513,260,526,242,open_hand
444,415,395,407,352,383,317,360,282,345,384,296,368,249,359,217,353,191,417,286,417,232,418,199,421,170,447,290,457,242,462,214,465,187,472,304,495,276,511,260,525,243,open_hand
444,413,395,405,352,380,317,357,282,343,385,294,368,247,359,216,354,190,417,285,417,231,418,198,420,170,446,289,456,242,462,213,466,187,473,304,495,275,512,258,526,241,open_hand
445,414,396,406,353,380,318,357,283,342,385,295,369,247,360,216,354,190,417,286,418,231,419,198,422,170,447,290,458,241,464,212,468,186,473,304,496,275,513,258,527,240,open_hand
445,414,395,406,353,380,318,356,284,342,386,294,370,247,361,216,355,189,419,285,419,231,420,199,423,170,448,290,459,242,466,213,470,186,473,305,497,276,513,259,527,242,open_hand
446,415,396,407,354,382,320,358,286,342,387,296,371,249,362,218,356,192,419,288,420,233,422,201,425,172,448,292,459,244,466,215,470,189,474,306,497,278,514,260,527,243,open_hand
446,421,400,403,366,371,343,341,324,322,394,297,396,264,397,257,399,257,422,292,431,242,429,236,428,247,447,297,454,253,452,253,449,263,470,313,482,282,489,266,493,258,open_hand
445,429,407,409,378,374,367,342,353,319,397,310,399,263,393,287,393,315,422,310,430,256,420,288,415,317,446,317,453,268,441,299,437,326,469,330,471,295,461,315,456,337,open_hand
454,451,416,427,393,390,387,362,375,339,412,337,407,298,398,322,400,345,434,338,430,295,417,328,418,353,457,345,453,302,439,334,440,359,480,358,470,329,457,349,456,367,open_hand
460,479,430,457,411,424,406,399,403,378,433,376,431,339,418,360,415,382,454,380,448,343,433,369,432,392,476,389,468,357,453,383,450,405,496,402,488,376,474,392,469,409,open_hand
318,485,363,470,398,435,416,400,428,372,354,369,368,329,376,303,383,279,322,359,321,307,321,274,320,246,291,365,280,315,270,283,263,255,265,385,240,351,222,330,207,311,open_hand
316,463,371,448,406,414,425,379,449,353,356,329,373,284,383,251,390,224,318,323,310,266,306,229,303,199,287,334,267,282,255,248,246,221,263,359,229,328,206,308,187,289,open_hand
312,442,363,426,402,389,431,357,461,334,358,302,378,256,390,225,397,201,320,296,314,241,310,208,304,181,287,305,271,256,258,226,246,200,259,327,228,294,205,276,185,258,open_hand
314,429,367,411,407,368,436,335,469,319,360,283,383,239,399,211,408,189,322,276,322,225,321,195,318,171,288,284,279,236,271,208,262,184,258,304,231,272,210,255,192,238,open_hand
317,415,374,396,415,350,446,317,477,304,363,265,385,224,399,197,408,178,325,260,325,208,325,180,322,158,293,268,282,221,275,194,267,171,263,288,237,258,218,241,201,225,open_hand
331,393,387,371,426,324,462,295,494,282,378,241,397,202,411,178,421,161,341,237,341,187,341,161,340,138,312,244,300,201,295,176,290,152,286,262,263,234,243,218,227,202,open_hand
335,387,389,372,427,325,461,294,493,285,379,244,400,206,415,181,425,162,343,238,343,189,344,163,342,141,315,244,304,200,300,175,293,153,290,262,265,234,246,216,229,198,open_hand
339,386,391,370,428,323,462,293,495,286,382,244,403,206,418,182,428,164,347,238,346,188,347,163,346,140,319,244,309,200,304,175,298,153,292,261,268,233,250,216,233,198,open_hand
343,389,393,370,429,325,464,296,496,288,384,244,404,207,419,183,429,166,349,239,349,191,350,165,349,143,320,246,311,202,306,177,300,155,295,263,271,235,252,218,235,200,open_hand
341,391,394,373,430,325,466,297,499,289,385,247,406,209,420,185,430,169,350,241,350,192,351,166,350,144,322,247,312,201,307,178,301,156,295,263,271,235,253,219,236,202,open_hand
338,393,390,376,429,327,465,298,499,293,385,248,406,211,420,187,431,169,350,242,350,195,351,168,350,145,321,248,312,205,307,182,301,159,295,264,272,237,253,221,237,204,open_hand
333,393,387,376,425,328,462,299,494,295,382,251,404,213,419,187,428,169,347,244,349,196,351,169,351,145,319,249,310,206,307,182,302,158,293,264,271,237,253,220,238,202,open_hand
330,392,386,376,424,328,459,298,491,293,381,249,404,212,418,187,428,169,346,243,348,194,350,167,350,143,318,248,310,204,306,180,301,157,292,262,270,235,252,218,237,200,open_hand
327,389,384,375,424,328,459,297,490,292,379,249,402,213,417,188,427,169,344,242,347,195,349,168,349,144,317,248,309,204,305,180,300,157,291,262,269,235,251,218,236,200,open_hand
329,390,385,375,423,329,457,299,488,294,379,249,401,212,416,187,425,169,344,242,346,194,348,167,348,143,315,249,308,205,304,180,299,157,290,264,268,236,251,219,236,202,open_hand
330,391,385,376,423,329,457,299,490,294,378,250,400,213,415,188,426,169,344,243,346,195,348,168,348,144,316,249,308,204,305,180,300,156,290,264,268,236,251,219,236,200,open_hand
325,391,381,376,422,331,456,302,487,296,378,252,400,214,415,190,426,170,343,244,345,196,348,169,348,145,314,250,307,206,304,181,299,158,288,265,267,237,250,220,235,203,open_hand
321,392,376,377,418,333,451,304,481,300,374,253,397,215,412,191,422,171,339,245,342,196,344,167,344,143,311,250,302,206,299,181,294,157,285,266,262,238,246,221,233,204,open_hand
322,388,376,375,417,334,449,306,480,301,373,252,397,215,412,190,423,171,339,244,342,196,345,169,345,145,310,250,303,206,299,181,295,158,284,267,263,238,246,221,231,204,open_hand
319,387,373,375,415,333,447,304,479,300,374,251,396,214,412,191,422,172,339,244,342,196,345,168,346,145,310,249,304,206,301,181,296,158,284,265,263,237,247,221,232,204,open_hand
320,385,374,373,416,330,449,303,481,298,374,250,397,213,412,190,423,171,340,243,343,195,345,168,345,144,311,249,304,205,300,180,296,157,285,265,264,237,247,220,233,203,open_hand
322,388,377,377,417,335,448,307,480,302,375,254,397,217,412,194,423,174,341,246,343,198,345,171,346,147,312,252,305,208,302,183,298,160,286,269,265,240,248,223,233,206,open_hand
324,393,378,381,418,337,450,310,480,305,375,256,398,219,413,196,424,178,341,247,344,199,347,172,348,149,313,253,307,209,303,184,300,161,287,269,266,241,249,225,235,207,open_hand
324,394,378,381,417,339,449,311,481,307,376,258,398,221,413,198,424,179,342,250,345,201,347,174,347,150,313,255,307,211,304,186,299,162,287,271,266,242,249,226,233,209,open_hand
324,395,378,382,418,339,451,311,481,307,376,259,398,222,414,198,425,180,342,251,345,202,348,174,348,150,313,256,307,211,304,185,300,162,287,271,266,242,249,226,234,209,open_hand
325,397,381,383,419,340,451,311,482,308,377,260,398,223,413,199,424,180,343,252,345,203,347,175,348,151,314,257,308,212,304,187,300,163,287,273,267,244,249,227,234,210,open_hand
329,399,383,386,420,343,451,313,481,308,377,261,399,225,414,200,425,182,343,253,345,203,347,176,348,152,314,259,308,213,304,188,299,164,288,274,267,245,249,228,233,211,open_hand
332,401,385,386,424,346,456,319,488,311,380,265,403,228,418,203,430,186,346,258,347,208,349,180,351,156,317,264,311,217,308,191,304,167,292,280,270,251,253,233,237,215,open_hand
328,403,382,389,422,347,455,319,488,313,381,267,403,230,418,206,429,186,347,258,350,209,352,180,352,156,318,264,312,219,308,193,304,168,291,280,271,251,253,234,238,216,open_hand
327,403,382,391,423,347,455,318,485,315,381,266,403,230,418,206,429,187,347,258,350,209,352,181,353,157,318,263,312,218,309,193,304,168,291,279,270,250,253,234,237,217,open_hand
330,404,384,391,423,346,455,318,486,314,381,267,403,230,418,206,429,187,347,259,349,210,352,182,353,157,319,264,312,219,309,194,305,169,293,280,271,251,253,234,237,217,open_hand
326,401,382,390,423,347,456,318,488,314,381,267,404,231,419,206,430,187,347,258,350,208,352,180,353,156,318,263,312,218,309,192,304,167,291,280,270,251,253,233,237,215,open_hand
331,402,384,390,423,346,456,318,486,314,382,266,404,230,419,206,430,187,348,257,351,209,354,181,354,156,320,263,313,217,310,191,305,167,294,278,272,249,254,233,238,215,open_hand
